{
  "methodConfig": [
    {
      "name": [
        {
          "service": "google.privacy.dlp.v2.DlpService",
          "method": "InspectContent"
        },
        {
          "service": "google.privacy.dlp.v2.DlpService",
          "method": "RedactImage"
        },
        {
          "service": "google.privacy.dlp.v2.DlpService",
          "method": "DeidentifyContent"
        },
        {
          "service": "google.privacy.dlp.v2.DlpService",
          "method": "ReidentifyContent"
        },
        {
          "service": "google.privacy.dlp.v2.DlpService",
          "method": "ListInfoTypes"
        },
        {
          "service": "google.privacy.dlp.v2.DlpService",
          "method": "GetInspectTemplate"
        },
        {
          "service": "google.privacy.dlp.v2.DlpService",
          "method": "ListInspectTemplates"
        },
        {
          "service": "google.privacy.dlp.v2.DlpService",
          "method": "DeleteInspectTemplate"
        },
        {
          "service": "google.privacy.dlp.v2.DlpService",
          "method": "GetDeidentifyTemplate"
        },
        {
          "service": "google.privacy.dlp.v2.DlpService",
          "method": "ListDeidentifyTemplates"
        },
        {
          "service": "google.privacy.dlp.v2.DlpService",
          "method": "DeleteDeidentifyTemplate"
        },
        {
          "service": "google.privacy.dlp.v2.DlpService",
          "method": "ListDlpJobs"
        },
        {
          "service": "google.privacy.dlp.v2.DlpService",
          "method": "GetDlpJob"
        },
        {
          "service": "google.privacy.dlp.v2.DlpService",
          "method": "DeleteDlpJob"
        },
        {
          "service": "google.privacy.dlp.v2.DlpService",
          "method": "ListJobTriggers"
        },
        {
          "service": "google.privacy.dlp.v2.DlpService",
          "method": "GetJobTrigger"
        },
        {
          "service": "google.privacy.dlp.v2.DlpService",
          "method": "DeleteJobTrigger"
        },
        {
          "service": "google.privacy.dlp.v2.DlpService",
          "method": "GetStoredInfoType"
        },
        {
          "service": "google.privacy.dlp.v2.DlpService",
          "method": "ListStoredInfoTypes"
        },
        {
          "service": "google.privacy.dlp.v2.DlpService",
          "method": "DeleteStoredInfoType"
        }
      ],
      "timeout": "300s",
      "retryPolicy": {
        "initialBackoff": "0.100s",
        "maxAttempts": 5,
        "maxBackoff": "60s",
        "backoffMultiplier": 1.3,
        "retryableStatusCodes": [
          "UNAVAILABLE",
          "DEADLINE_EXCEEDED"
        ]
      }
    },
    {
      "name": [
        {
          "service": "google.privacy.dlp.v2.DlpService",
          "method": "CreateInspectTemplate"
        },
        {
          "service": "google.privacy.dlp.v2.DlpService",
          "method": "UpdateInspectTemplate"
        },
        {
          "service": "google.privacy.dlp.v2.DlpService",
          "method": "CreateDeidentifyTemplate"
        },
        {
          "service": "google.privacy.dlp.v2.DlpService",
          "method": "UpdateDeidentifyTemplate"
        },
        {
          "service": "google.privacy.dlp.v2.DlpService",
          "method": "CreateDlpJob"
        },
        {
          "service": "google.privacy.dlp.v2.DlpService",
          "method": "CancelDlpJob"
        },
        {
          "service": "google.privacy.dlp.v2.DlpService",
          "method": "UpdateJobTrigger"
        },
        {
          "service": "google.privacy.dlp.v2.DlpService",
          "method": "CreateJobTrigger"
        },
        {
          "service": "google.privacy.dlp.v2.DlpService",
          "method": "CreateStoredInfoType"
        },
        {
          "service": "google.privacy.dlp.v2.DlpService",
          "method": "UpdateStoredInfoType"
        },
        {
          "service": "google.privacy.dlp.v2.DlpService",
          "method": "ActivateJobTrigger"
        },
        {
          "service": "google.privacy.dlp.v2.DlpService",
          "method": "FinishDlpJob"
        },
        {
          "service": "google.privacy.dlp.v2.DlpService",
          "method": "HybridInspectDlpJob"
        },
        {
          "service": "google.privacy.dlp.v2.DlpService",
          "method": "HybridInspectJobTrigger"
        }
      ],
      "timeout": "300s"
    }
  ]
}
