{
  "methodConfig": [
    {
      "name": [
        {
          "service": "google.ads.googleads.v6.services.AccountBudgetProposalService"
        },
        {
          "service": "google.ads.googleads.v6.services.AccountBudgetService"
        },
        {
          "service": "google.ads.googleads.v6.services.AccountLinkService"
        },
        {
          "service": "google.ads.googleads.v6.services.AdGroupAdAssetViewService"
        },
        {
          "service": "google.ads.googleads.v6.services.AdGroupAdLabelService"
        },
        {
          "service": "google.ads.googleads.v6.services.AdGroupAdService"
        },
        {
          "service": "google.ads.googleads.v6.services.AdGroupAudienceViewService"
        },
        {
          "service": "google.ads.googleads.v6.services.AdGroupBidModifierService"
        },
        {
          "service": "google.ads.googleads.v6.services.AdGroupCriterionLabelService"
        },
        {
          "service": "google.ads.googleads.v6.services.AdGroupCriterionService"
        },
        {
          "service": "google.ads.googleads.v6.services.AdGroupCriterionSimulationService"
        },
        {
          "service": "google.ads.googleads.v6.services.AdGroupExtensionSettingService"
        },
        {
          "service": "google.ads.googleads.v6.services.AdGroupFeedService"
        },
        {
          "service": "google.ads.googleads.v6.services.AdGroupLabelService"
        },
        {
          "service": "google.ads.googleads.v6.services.AdGroupService"
        },
        {
          "service": "google.ads.googleads.v6.services.AdGroupSimulationService"
        },
        {
          "service": "google.ads.googleads.v6.services.AdParameterService"
        },
        {
          "service": "google.ads.googleads.v6.services.AdScheduleViewService"
        },
        {
          "service": "google.ads.googleads.v6.services.AdService"
        },
        {
          "service": "google.ads.googleads.v6.services.AgeRangeViewService"
        },
        {
          "service": "google.ads.googleads.v6.services.AssetService"
        },
        {
          "service": "google.ads.googleads.v6.services.BatchJobService"
        },
        {
          "service": "google.ads.googleads.v6.services.BiddingStrategyService"
        },
        {
          "service": "google.ads.googleads.v6.services.BillingSetupService"
        },
        {
          "service": "google.ads.googleads.v6.services.CampaignAssetService"
        },
        {
          "service": "google.ads.googleads.v6.services.CampaignAudienceViewService"
        },
        {
          "service": "google.ads.googleads.v6.services.CampaignBidModifierService"
        },
        {
          "service": "google.ads.googleads.v6.services.CampaignBudgetService"
        },
        {
          "service": "google.ads.googleads.v6.services.CampaignCriterionService"
        },
        {
          "service": "google.ads.googleads.v6.services.CampaignCriterionSimulationService"
        },
        {
          "service": "google.ads.googleads.v6.services.CampaignDraftService"
        },
        {
          "service": "google.ads.googleads.v6.services.CampaignExperimentService"
        },
        {
          "service": "google.ads.googleads.v6.services.CampaignExtensionSettingService"
        },
        {
          "service": "google.ads.googleads.v6.services.CampaignFeedService"
        },
        {
          "service": "google.ads.googleads.v6.services.CampaignLabelService"
        },
        {
          "service": "google.ads.googleads.v6.services.CampaignService"
        },
        {
          "service": "google.ads.googleads.v6.services.CampaignSharedSetService"
        },
        {
          "service": "google.ads.googleads.v6.services.CarrierConstantService"
        },
        {
          "service": "google.ads.googleads.v6.services.ChangeStatusService"
        },
        {
          "service": "google.ads.googleads.v6.services.ClickViewService"
        },
        {
          "service": "google.ads.googleads.v6.services.CombinedAudienceService"
        },
        {
          "service": "google.ads.googleads.v6.services.ConversionActionService"
        },
        {
          "service": "google.ads.googleads.v6.services.ConversionAdjustmentUploadService"
        },
        {
          "service": "google.ads.googleads.v6.services.ConversionUploadService"
        },
        {
          "service": "google.ads.googleads.v6.services.CurrencyConstantService"
        },
        {
          "service": "google.ads.googleads.v6.services.CustomAudienceService"
        },
        {
          "service": "google.ads.googleads.v6.services.CustomInterestService"
        },
        {
          "service": "google.ads.googleads.v6.services.CustomerClientLinkService"
        },
        {
          "service": "google.ads.googleads.v6.services.CustomerClientService"
        },
        {
          "service": "google.ads.googleads.v6.services.CustomerExtensionSettingService"
        },
        {
          "service": "google.ads.googleads.v6.services.CustomerFeedService"
        },
        {
          "service": "google.ads.googleads.v6.services.CustomerLabelService"
        },
        {
          "service": "google.ads.googleads.v6.services.CustomerManagerLinkService"
        },
        {
          "service": "google.ads.googleads.v6.services.CustomerNegativeCriterionService"
        },
        {
          "service": "google.ads.googleads.v6.services.CustomerService"
        },
        {
          "service": "google.ads.googleads.v6.services.CustomerUserAccessInvitationService"
        },
        {
          "service": "google.ads.googleads.v6.services.CustomerUserAccessService"
        },
        {
          "service": "google.ads.googleads.v6.services.DetailPlacementViewService"
        },
        {
          "service": "google.ads.googleads.v6.services.DisplayKeywordViewService"
        },
        {
          "service": "google.ads.googleads.v6.services.DistanceViewService"
        },
        {
          "service": "google.ads.googleads.v6.services.DomainCategoryService"
        },
        {
          "service": "google.ads.googleads.v6.services.DynamicSearchAdsSearchTermViewService"
        },
        {
          "service": "google.ads.googleads.v6.services.ExpandedLandingPageViewService"
        },
        {
          "service": "google.ads.googleads.v6.services.ExtensionFeedItemService"
        },
        {
          "service": "google.ads.googleads.v6.services.FeedItemService"
        },
        {
          "service": "google.ads.googleads.v6.services.FeedItemSetLinkService"
        },
        {
          "service": "google.ads.googleads.v6.services.FeedItemSetService"
        },
        {
          "service": "google.ads.googleads.v6.services.FeedItemTargetService"
        },
        {
          "service": "google.ads.googleads.v6.services.FeedMappingService"
        },
        {
          "service": "google.ads.googleads.v6.services.FeedPlaceholderViewService"
        },
        {
          "service": "google.ads.googleads.v6.services.FeedService"
        },
        {
          "service": "google.ads.googleads.v6.services.GenderViewService"
        },
        {
          "service": "google.ads.googleads.v6.services.GeoTargetConstantService"
        },
        {
          "service": "google.ads.googleads.v6.services.GeographicViewService"
        },
        {
          "service": "google.ads.googleads.v6.services.GoogleAdsFieldService"
        },
        {
          "service": "google.ads.googleads.v6.services.GoogleAdsService"
        },
        {
          "service": "google.ads.googleads.v6.services.GroupPlacementViewService"
        },
        {
          "service": "google.ads.googleads.v6.services.HotelGroupViewService"
        },
        {
          "service": "google.ads.googleads.v6.services.HotelPerformanceViewService"
        },
        {
          "service": "google.ads.googleads.v6.services.IncomeRangeViewService"
        },
        {
          "service": "google.ads.googleads.v6.services.InvoiceService"
        },
        {
          "service": "google.ads.googleads.v6.services.KeywordPlanAdGroupKeywordService"
        },
        {
          "service": "google.ads.googleads.v6.services.KeywordPlanAdGroupService"
        },
        {
          "service": "google.ads.googleads.v6.services.KeywordPlanCampaignKeywordService"
        },
        {
          "service": "google.ads.googleads.v6.services.KeywordPlanCampaignService"
        },
        {
          "service": "google.ads.googleads.v6.services.KeywordPlanIdeaService"
        },
        {
          "service": "google.ads.googleads.v6.services.KeywordPlanService"
        },
        {
          "service": "google.ads.googleads.v6.services.KeywordViewService"
        },
        {
          "service": "google.ads.googleads.v6.services.LabelService"
        },
        {
          "service": "google.ads.googleads.v6.services.LandingPageViewService"
        },
        {
          "service": "google.ads.googleads.v6.services.LanguageConstantService"
        },
        {
          "service": "google.ads.googleads.v6.services.LocationViewService"
        },
        {
          "service": "google.ads.googleads.v6.services.ManagedPlacementViewService"
        },
        {
          "service": "google.ads.googleads.v6.services.MediaFileService"
        },
        {
          "service": "google.ads.googleads.v6.services.MerchantCenterLinkService"
        },
        {
          "service": "google.ads.googleads.v6.services.MobileAppCategoryConstantService"
        },
        {
          "service": "google.ads.googleads.v6.services.MobileDeviceConstantService"
        },
        {
          "service": "google.ads.googleads.v6.services.OfflineUserDataJobService"
        },
        {
          "service": "google.ads.googleads.v6.services.OperatingSystemVersionConstantService"
        },
        {
          "service": "google.ads.googleads.v6.services.PaidOrganicSearchTermViewService"
        },
        {
          "service": "google.ads.googleads.v6.services.ParentalStatusViewService"
        },
        {
          "service": "google.ads.googleads.v6.services.PaymentsAccountService"
        },
        {
          "service": "google.ads.googleads.v6.services.ProductBiddingCategoryConstantService"
        },
        {
          "service": "google.ads.googleads.v6.services.ProductGroupViewService"
        },
        {
          "service": "google.ads.googleads.v6.services.ReachPlanService"
        },
        {
          "service": "google.ads.googleads.v6.services.RecommendationService"
        },
        {
          "service": "google.ads.googleads.v6.services.RemarketingActionService"
        },
        {
          "service": "google.ads.googleads.v6.services.SearchTermViewService"
        },
        {
          "service": "google.ads.googleads.v6.services.SharedCriterionService"
        },
        {
          "service": "google.ads.googleads.v6.services.SharedSetService"
        },
        {
          "service": "google.ads.googleads.v6.services.ShoppingPerformanceViewService"
        },
        {
          "service": "google.ads.googleads.v6.services.ThirdPartyAppAnalyticsLinkService"
        },
        {
          "service": "google.ads.googleads.v6.services.TopicConstantService"
        },
        {
          "service": "google.ads.googleads.v6.services.TopicViewService"
        },
        {
          "service": "google.ads.googleads.v6.services.UserDataService"
        },
        {
          "service": "google.ads.googleads.v6.services.UserInterestService"
        },
        {
          "service": "google.ads.googleads.v6.services.UserListService"
        },
        {
          "service": "google.ads.googleads.v6.services.UserLocationViewService"
        },
        {
          "service": "google.ads.googleads.v6.services.VideoService"
        }
      ],
      "timeout": "3600s",
      "retryPolicy": {
        "initialBackoff": "5s",
        "maxBackoff": "60s",
        "backoffMultiplier": 1.3,
        "retryableStatusCodes": [
          "UNAVAILABLE",
          "DEADLINE_EXCEEDED"
        ]
      }
    }
  ]
}
