{
  "methodConfig": [{
    "name": [{ "service": "google.partner.aistreams.v1alpha1.AIStreams" }],
    "timeout": "60s",
    "retryPolicy": {
      "maxAttempts": 5,
      "initialBackoff": "1s",
      "maxBackoff": "10s",
      "backoffMultiplier": 1.3,
      "retryableStatusCodes": ["UNAVAILABLE"]
    }
  },
  {
    "name": [
      { "service": "google.partner.aistreams.v1alpha1.AIStreams", "method": "CreateCluster" }
    ],
    "timeout": "600s"
  },
  {
    "name": [
      { "service": "google.partner.aistreams.v1alpha1.AIStreams", "method": "CreateStream" }
    ],
    "timeout": "300s"
  },
  {
    "name": [
      { "service": "google.partner.aistreams.v1alpha1.AIStreams", "method": "GetCluster" },
      { "service": "google.partner.aistreams.v1alpha1.AIStreams", "method": "ListClusters" },
      { "service": "google.partner.aistreams.v1alpha1.AIStreams", "method": "UpdateCluster" },
      { "service": "google.partner.aistreams.v1alpha1.AIStreams", "method": "DeleteCluster" },
      { "service": "google.partner.aistreams.v1alpha1.AIStreams", "method": "ListStreams" },
      { "service": "google.partner.aistreams.v1alpha1.AIStreams", "method": "GetStream" },
      { "service": "google.partner.aistreams.v1alpha1.AIStreams", "method": "UpdateStream" },
      { "service": "google.partner.aistreams.v1alpha1.AIStreams", "method": "DeleteStream" }
    ],
    "timeout": "60s"
  }]
}
