{
  "methodConfig": [{
    "name": [
      { "service": "google.appengine.v1.Applications" },
      { "service": "google.appengine.v1.Services" },
      { "service": "google.appengine.v1.Versions" },
      { "service": "google.appengine.v1.DeployedFiles" },
      { "service": "google.appengine.v1.Instances" },
      { "service": "google.appengine.v1.EmailSenders" },
      { "service": "google.appengine.v1.Firewall" },
      { "service": "google.appengine.v1.AuthorizedDomains" },
      { "service": "google.appengine.v1.AuthorizedCertificates" },
      { "service": "google.appengine.v1.DomainMappings" }
    ],
    "timeout": "60s"
  }]
}
