{
  "methodConfig": [
    {
      "name": [
        {
          "service": "google.dataflow.v1beta3.JobsV1Beta3"
        },
        {
          "service": "google.dataflow.v1beta3.MessagesV1Beta3"
        },
        {
          "service": "google.dataflow.v1beta3.MetricsV1Beta3"
        },
        {
          "service": "google.dataflow.v1beta3.SnapshotsV1Beta3"
        },
        {
          "service": "google.dataflow.v1beta3.TemplatesService"
        }
      ],
      "timeout": "60s"
    }
  ]
}
