{
  "methodConfig": [
    {
      "name": [
        {
          "service": "google.ads.googleads.v7.services.AccountBudgetProposalService"
        },
        {
          "service": "google.ads.googleads.v7.services.AccountBudgetService"
        },
        {
          "service": "google.ads.googleads.v7.services.AccountLinkService"
        },
        {
          "service": "google.ads.googleads.v7.services.AdGroupAdAssetViewService"
        },
        {
          "service": "google.ads.googleads.v7.services.AdGroupAdLabelService"
        },
        {
          "service": "google.ads.googleads.v7.services.AdGroupAdService"
        },
        {
          "service": "google.ads.googleads.v7.services.AdGroupAssetService"
        },
        {
          "service": "google.ads.googleads.v7.services.AdGroupAudienceViewService"
        },
        {
          "service": "google.ads.googleads.v7.services.AdGroupBidModifierService"
        },
        {
          "service": "google.ads.googleads.v7.services.AdGroupCriterionLabelService"
        },
        {
          "service": "google.ads.googleads.v7.services.AdGroupCriterionService"
        },
        {
          "service": "google.ads.googleads.v7.services.AdGroupCriterionSimulationService"
        },
        {
          "service": "google.ads.googleads.v7.services.AdGroupExtensionSettingService"
        },
        {
          "service": "google.ads.googleads.v7.services.AdGroupFeedService"
        },
        {
          "service": "google.ads.googleads.v7.services.AdGroupLabelService"
        },
        {
          "service": "google.ads.googleads.v7.services.AdGroupService"
        },
        {
          "service": "google.ads.googleads.v7.services.AdGroupSimulationService"
        },
        {
          "service": "google.ads.googleads.v7.services.AdParameterService"
        },
        {
          "service": "google.ads.googleads.v7.services.AdScheduleViewService"
        },
        {
          "service": "google.ads.googleads.v7.services.AdService"
        },
        {
          "service": "google.ads.googleads.v7.services.AgeRangeViewService"
        },
        {
          "service": "google.ads.googleads.v7.services.AssetService"
        },
        {
          "service": "google.ads.googleads.v7.services.BatchJobService"
        },
        {
          "service": "google.ads.googleads.v7.services.BiddingStrategyService"
        },
        {
          "service": "google.ads.googleads.v7.services.BiddingStrategySimulationService"
        },
        {
          "service": "google.ads.googleads.v7.services.BillingSetupService"
        },
        {
          "service": "google.ads.googleads.v7.services.CampaignAssetService"
        },
        {
          "service": "google.ads.googleads.v7.services.CampaignAudienceViewService"
        },
        {
          "service": "google.ads.googleads.v7.services.CampaignBidModifierService"
        },
        {
          "service": "google.ads.googleads.v7.services.CampaignBudgetService"
        },
        {
          "service": "google.ads.googleads.v7.services.CampaignCriterionService"
        },
        {
          "service": "google.ads.googleads.v7.services.CampaignCriterionSimulationService"
        },
        {
          "service": "google.ads.googleads.v7.services.CampaignDraftService"
        },
        {
          "service": "google.ads.googleads.v7.services.CampaignExperimentService"
        },
        {
          "service": "google.ads.googleads.v7.services.CampaignExtensionSettingService"
        },
        {
          "service": "google.ads.googleads.v7.services.CampaignFeedService"
        },
        {
          "service": "google.ads.googleads.v7.services.CampaignLabelService"
        },
        {
          "service": "google.ads.googleads.v7.services.CampaignService"
        },
        {
          "service": "google.ads.googleads.v7.services.CampaignSharedSetService"
        },
        {
          "service": "google.ads.googleads.v7.services.CampaignSimulationService"
        },
        {
          "service": "google.ads.googleads.v7.services.CarrierConstantService"
        },
        {
          "service": "google.ads.googleads.v7.services.ChangeStatusService"
        },
        {
          "service": "google.ads.googleads.v7.services.ClickViewService"
        },
        {
          "service": "google.ads.googleads.v7.services.CombinedAudienceService"
        },
        {
          "service": "google.ads.googleads.v7.services.ConversionActionService"
        },
        {
          "service": "google.ads.googleads.v7.services.ConversionAdjustmentUploadService"
        },
        {
          "service": "google.ads.googleads.v7.services.ConversionCustomVariableService"
        },
        {
          "service": "google.ads.googleads.v7.services.ConversionUploadService"
        },
        {
          "service": "google.ads.googleads.v7.services.CurrencyConstantService"
        },
        {
          "service": "google.ads.googleads.v7.services.CustomAudienceService"
        },
        {
          "service": "google.ads.googleads.v7.services.CustomInterestService"
        },
        {
          "service": "google.ads.googleads.v7.services.CustomerAssetService"
        },
        {
          "service": "google.ads.googleads.v7.services.CustomerClientLinkService"
        },
        {
          "service": "google.ads.googleads.v7.services.CustomerClientService"
        },
        {
          "service": "google.ads.googleads.v7.services.CustomerExtensionSettingService"
        },
        {
          "service": "google.ads.googleads.v7.services.CustomerFeedService"
        },
        {
          "service": "google.ads.googleads.v7.services.CustomerLabelService"
        },
        {
          "service": "google.ads.googleads.v7.services.CustomerManagerLinkService"
        },
        {
          "service": "google.ads.googleads.v7.services.CustomerNegativeCriterionService"
        },
        {
          "service": "google.ads.googleads.v7.services.CustomerService"
        },
        {
          "service": "google.ads.googleads.v7.services.CustomerUserAccessInvitationService"
        },
        {
          "service": "google.ads.googleads.v7.services.CustomerUserAccessService"
        },
        {
          "service": "google.ads.googleads.v7.services.DetailPlacementViewService"
        },
        {
          "service": "google.ads.googleads.v7.services.DisplayKeywordViewService"
        },
        {
          "service": "google.ads.googleads.v7.services.DistanceViewService"
        },
        {
          "service": "google.ads.googleads.v7.services.DomainCategoryService"
        },
        {
          "service": "google.ads.googleads.v7.services.DynamicSearchAdsSearchTermViewService"
        },
        {
          "service": "google.ads.googleads.v7.services.ExpandedLandingPageViewService"
        },
        {
          "service": "google.ads.googleads.v7.services.ExtensionFeedItemService"
        },
        {
          "service": "google.ads.googleads.v7.services.FeedItemService"
        },
        {
          "service": "google.ads.googleads.v7.services.FeedItemSetLinkService"
        },
        {
          "service": "google.ads.googleads.v7.services.FeedItemSetService"
        },
        {
          "service": "google.ads.googleads.v7.services.FeedItemTargetService"
        },
        {
          "service": "google.ads.googleads.v7.services.FeedMappingService"
        },
        {
          "service": "google.ads.googleads.v7.services.FeedPlaceholderViewService"
        },
        {
          "service": "google.ads.googleads.v7.services.FeedService"
        },
        {
          "service": "google.ads.googleads.v7.services.GenderViewService"
        },
        {
          "service": "google.ads.googleads.v7.services.GeoTargetConstantService"
        },
        {
          "service": "google.ads.googleads.v7.services.GeographicViewService"
        },
        {
          "service": "google.ads.googleads.v7.services.GoogleAdsFieldService"
        },
        {
          "service": "google.ads.googleads.v7.services.GoogleAdsService"
        },
        {
          "service": "google.ads.googleads.v7.services.GroupPlacementViewService"
        },
        {
          "service": "google.ads.googleads.v7.services.HotelGroupViewService"
        },
        {
          "service": "google.ads.googleads.v7.services.HotelPerformanceViewService"
        },
        {
          "service": "google.ads.googleads.v7.services.IncomeRangeViewService"
        },
        {
          "service": "google.ads.googleads.v7.services.InvoiceService"
        },
        {
          "service": "google.ads.googleads.v7.services.KeywordPlanAdGroupKeywordService"
        },
        {
          "service": "google.ads.googleads.v7.services.KeywordPlanAdGroupService"
        },
        {
          "service": "google.ads.googleads.v7.services.KeywordPlanCampaignKeywordService"
        },
        {
          "service": "google.ads.googleads.v7.services.KeywordPlanCampaignService"
        },
        {
          "service": "google.ads.googleads.v7.services.KeywordPlanIdeaService"
        },
        {
          "service": "google.ads.googleads.v7.services.KeywordPlanService"
        },
        {
          "service": "google.ads.googleads.v7.services.KeywordViewService"
        },
        {
          "service": "google.ads.googleads.v7.services.LabelService"
        },
        {
          "service": "google.ads.googleads.v7.services.LandingPageViewService"
        },
        {
          "service": "google.ads.googleads.v7.services.LanguageConstantService"
        },
        {
          "service": "google.ads.googleads.v7.services.LifeEventService"
        },
        {
          "service": "google.ads.googleads.v7.services.LocationViewService"
        },
        {
          "service": "google.ads.googleads.v7.services.ManagedPlacementViewService"
        },
        {
          "service": "google.ads.googleads.v7.services.MediaFileService"
        },
        {
          "service": "google.ads.googleads.v7.services.MerchantCenterLinkService"
        },
        {
          "service": "google.ads.googleads.v7.services.MobileAppCategoryConstantService"
        },
        {
          "service": "google.ads.googleads.v7.services.MobileDeviceConstantService"
        },
        {
          "service": "google.ads.googleads.v7.services.OfflineUserDataJobService"
        },
        {
          "service": "google.ads.googleads.v7.services.OperatingSystemVersionConstantService"
        },
        {
          "service": "google.ads.googleads.v7.services.PaidOrganicSearchTermViewService"
        },
        {
          "service": "google.ads.googleads.v7.services.ParentalStatusViewService"
        },
        {
          "service": "google.ads.googleads.v7.services.PaymentsAccountService"
        },
        {
          "service": "google.ads.googleads.v7.services.ProductBiddingCategoryConstantService"
        },
        {
          "service": "google.ads.googleads.v7.services.ProductGroupViewService"
        },
        {
          "service": "google.ads.googleads.v7.services.ReachPlanService"
        },
        {
          "service": "google.ads.googleads.v7.services.RecommendationService"
        },
        {
          "service": "google.ads.googleads.v7.services.RemarketingActionService"
        },
        {
          "service": "google.ads.googleads.v7.services.SearchTermViewService"
        },
        {
          "service": "google.ads.googleads.v7.services.SharedCriterionService"
        },
        {
          "service": "google.ads.googleads.v7.services.SharedSetService"
        },
        {
          "service": "google.ads.googleads.v7.services.ShoppingPerformanceViewService"
        },
        {
          "service": "google.ads.googleads.v7.services.ThirdPartyAppAnalyticsLinkService"
        },
        {
          "service": "google.ads.googleads.v7.services.TopicConstantService"
        },
        {
          "service": "google.ads.googleads.v7.services.TopicViewService"
        },
        {
          "service": "google.ads.googleads.v7.services.UserDataService"
        },
        {
          "service": "google.ads.googleads.v7.services.UserInterestService"
        },
        {
          "service": "google.ads.googleads.v7.services.UserListService"
        },
        {
          "service": "google.ads.googleads.v7.services.UserLocationViewService"
        },
        {
          "service": "google.ads.googleads.v7.services.VideoService"
        },
        {
          "service": "google.ads.googleads.v7.services.WebpageViewService"
        }
      ],
      "timeout": "3600s",
      "retryPolicy": {
        "initialBackoff": "5s",
        "maxBackoff": "60s",
        "backoffMultiplier": 1.3,
        "retryableStatusCodes": [
          "UNAVAILABLE",
          "DEADLINE_EXCEEDED"
        ]
      }
    }
  ]
}
