{
  "methodConfig": [
    {
      "name": [
        {
          "service": "google.ads.googleads.v8.services.AccessibleBiddingStrategyService"
        },
        {
          "service": "google.ads.googleads.v8.services.AccountBudgetProposalService"
        },
        {
          "service": "google.ads.googleads.v8.services.AccountBudgetService"
        },
        {
          "service": "google.ads.googleads.v8.services.AccountLinkService"
        },
        {
          "service": "google.ads.googleads.v8.services.AdGroupAdAssetViewService"
        },
        {
          "service": "google.ads.googleads.v8.services.AdGroupAdLabelService"
        },
        {
          "service": "google.ads.googleads.v8.services.AdGroupAdService"
        },
        {
          "service": "google.ads.googleads.v8.services.AdGroupAssetService"
        },
        {
          "service": "google.ads.googleads.v8.services.AdGroupAudienceViewService"
        },
        {
          "service": "google.ads.googleads.v8.services.AdGroupBidModifierService"
        },
        {
          "service": "google.ads.googleads.v8.services.AdGroupCriterionLabelService"
        },
        {
          "service": "google.ads.googleads.v8.services.AdGroupCriterionService"
        },
        {
          "service": "google.ads.googleads.v8.services.AdGroupCriterionSimulationService"
        },
        {
          "service": "google.ads.googleads.v8.services.AdGroupExtensionSettingService"
        },
        {
          "service": "google.ads.googleads.v8.services.AdGroupFeedService"
        },
        {
          "service": "google.ads.googleads.v8.services.AdGroupLabelService"
        },
        {
          "service": "google.ads.googleads.v8.services.AdGroupService"
        },
        {
          "service": "google.ads.googleads.v8.services.AdGroupSimulationService"
        },
        {
          "service": "google.ads.googleads.v8.services.AdParameterService"
        },
        {
          "service": "google.ads.googleads.v8.services.AdScheduleViewService"
        },
        {
          "service": "google.ads.googleads.v8.services.AdService"
        },
        {
          "service": "google.ads.googleads.v8.services.AgeRangeViewService"
        },
        {
          "service": "google.ads.googleads.v8.services.AssetFieldTypeViewService"
        },
        {
          "service": "google.ads.googleads.v8.services.AssetService"
        },
        {
          "service": "google.ads.googleads.v8.services.BatchJobService"
        },
        {
          "service": "google.ads.googleads.v8.services.BiddingDataExclusionService"
        },
        {
          "service": "google.ads.googleads.v8.services.BiddingSeasonalityAdjustmentService"
        },
        {
          "service": "google.ads.googleads.v8.services.BiddingStrategyService"
        },
        {
          "service": "google.ads.googleads.v8.services.BiddingStrategySimulationService"
        },
        {
          "service": "google.ads.googleads.v8.services.BillingSetupService"
        },
        {
          "service": "google.ads.googleads.v8.services.CampaignAssetService"
        },
        {
          "service": "google.ads.googleads.v8.services.CampaignAudienceViewService"
        },
        {
          "service": "google.ads.googleads.v8.services.CampaignBidModifierService"
        },
        {
          "service": "google.ads.googleads.v8.services.CampaignBudgetService"
        },
        {
          "service": "google.ads.googleads.v8.services.CampaignCriterionService"
        },
        {
          "service": "google.ads.googleads.v8.services.CampaignCriterionSimulationService"
        },
        {
          "service": "google.ads.googleads.v8.services.CampaignDraftService"
        },
        {
          "service": "google.ads.googleads.v8.services.CampaignExperimentService"
        },
        {
          "service": "google.ads.googleads.v8.services.CampaignExtensionSettingService"
        },
        {
          "service": "google.ads.googleads.v8.services.CampaignFeedService"
        },
        {
          "service": "google.ads.googleads.v8.services.CampaignLabelService"
        },
        {
          "service": "google.ads.googleads.v8.services.CampaignService"
        },
        {
          "service": "google.ads.googleads.v8.services.CampaignSharedSetService"
        },
        {
          "service": "google.ads.googleads.v8.services.CampaignSimulationService"
        },
        {
          "service": "google.ads.googleads.v8.services.CarrierConstantService"
        },
        {
          "service": "google.ads.googleads.v8.services.ChangeStatusService"
        },
        {
          "service": "google.ads.googleads.v8.services.ClickViewService"
        },
        {
          "service": "google.ads.googleads.v8.services.CombinedAudienceService"
        },
        {
          "service": "google.ads.googleads.v8.services.ConversionActionService"
        },
        {
          "service": "google.ads.googleads.v8.services.ConversionAdjustmentUploadService"
        },
        {
          "service": "google.ads.googleads.v8.services.ConversionCustomVariableService"
        },
        {
          "service": "google.ads.googleads.v8.services.ConversionUploadService"
        },
        {
          "service": "google.ads.googleads.v8.services.ConversionValueRuleService"
        },
        {
          "service": "google.ads.googleads.v8.services.ConversionValueRuleSetService"
        },
        {
          "service": "google.ads.googleads.v8.services.CurrencyConstantService"
        },
        {
          "service": "google.ads.googleads.v8.services.CustomAudienceService"
        },
        {
          "service": "google.ads.googleads.v8.services.CustomInterestService"
        },
        {
          "service": "google.ads.googleads.v8.services.CustomerAssetService"
        },
        {
          "service": "google.ads.googleads.v8.services.CustomerClientLinkService"
        },
        {
          "service": "google.ads.googleads.v8.services.CustomerClientService"
        },
        {
          "service": "google.ads.googleads.v8.services.CustomerExtensionSettingService"
        },
        {
          "service": "google.ads.googleads.v8.services.CustomerFeedService"
        },
        {
          "service": "google.ads.googleads.v8.services.CustomerLabelService"
        },
        {
          "service": "google.ads.googleads.v8.services.CustomerManagerLinkService"
        },
        {
          "service": "google.ads.googleads.v8.services.CustomerNegativeCriterionService"
        },
        {
          "service": "google.ads.googleads.v8.services.CustomerService"
        },
        {
          "service": "google.ads.googleads.v8.services.CustomerUserAccessInvitationService"
        },
        {
          "service": "google.ads.googleads.v8.services.CustomerUserAccessService"
        },
        {
          "service": "google.ads.googleads.v8.services.DetailPlacementViewService"
        },
        {
          "service": "google.ads.googleads.v8.services.DetailedDemographicService"
        },
        {
          "service": "google.ads.googleads.v8.services.DisplayKeywordViewService"
        },
        {
          "service": "google.ads.googleads.v8.services.DistanceViewService"
        },
        {
          "service": "google.ads.googleads.v8.services.DomainCategoryService"
        },
        {
          "service": "google.ads.googleads.v8.services.DynamicSearchAdsSearchTermViewService"
        },
        {
          "service": "google.ads.googleads.v8.services.ExpandedLandingPageViewService"
        },
        {
          "service": "google.ads.googleads.v8.services.ExtensionFeedItemService"
        },
        {
          "service": "google.ads.googleads.v8.services.FeedItemService"
        },
        {
          "service": "google.ads.googleads.v8.services.FeedItemSetLinkService"
        },
        {
          "service": "google.ads.googleads.v8.services.FeedItemSetService"
        },
        {
          "service": "google.ads.googleads.v8.services.FeedItemTargetService"
        },
        {
          "service": "google.ads.googleads.v8.services.FeedMappingService"
        },
        {
          "service": "google.ads.googleads.v8.services.FeedPlaceholderViewService"
        },
        {
          "service": "google.ads.googleads.v8.services.FeedService"
        },
        {
          "service": "google.ads.googleads.v8.services.GenderViewService"
        },
        {
          "service": "google.ads.googleads.v8.services.GeoTargetConstantService"
        },
        {
          "service": "google.ads.googleads.v8.services.GeographicViewService"
        },
        {
          "service": "google.ads.googleads.v8.services.GoogleAdsFieldService"
        },
        {
          "service": "google.ads.googleads.v8.services.GoogleAdsService"
        },
        {
          "service": "google.ads.googleads.v8.services.GroupPlacementViewService"
        },
        {
          "service": "google.ads.googleads.v8.services.HotelGroupViewService"
        },
        {
          "service": "google.ads.googleads.v8.services.HotelPerformanceViewService"
        },
        {
          "service": "google.ads.googleads.v8.services.IncomeRangeViewService"
        },
        {
          "service": "google.ads.googleads.v8.services.InvoiceService"
        },
        {
          "service": "google.ads.googleads.v8.services.KeywordPlanAdGroupKeywordService"
        },
        {
          "service": "google.ads.googleads.v8.services.KeywordPlanAdGroupService"
        },
        {
          "service": "google.ads.googleads.v8.services.KeywordPlanCampaignKeywordService"
        },
        {
          "service": "google.ads.googleads.v8.services.KeywordPlanCampaignService"
        },
        {
          "service": "google.ads.googleads.v8.services.KeywordPlanIdeaService"
        },
        {
          "service": "google.ads.googleads.v8.services.KeywordPlanService"
        },
        {
          "service": "google.ads.googleads.v8.services.KeywordThemeConstantService"
        },
        {
          "service": "google.ads.googleads.v8.services.KeywordViewService"
        },
        {
          "service": "google.ads.googleads.v8.services.LabelService"
        },
        {
          "service": "google.ads.googleads.v8.services.LandingPageViewService"
        },
        {
          "service": "google.ads.googleads.v8.services.LanguageConstantService"
        },
        {
          "service": "google.ads.googleads.v8.services.LifeEventService"
        },
        {
          "service": "google.ads.googleads.v8.services.LocationViewService"
        },
        {
          "service": "google.ads.googleads.v8.services.ManagedPlacementViewService"
        },
        {
          "service": "google.ads.googleads.v8.services.MediaFileService"
        },
        {
          "service": "google.ads.googleads.v8.services.MerchantCenterLinkService"
        },
        {
          "service": "google.ads.googleads.v8.services.MobileAppCategoryConstantService"
        },
        {
          "service": "google.ads.googleads.v8.services.MobileDeviceConstantService"
        },
        {
          "service": "google.ads.googleads.v8.services.OfflineUserDataJobService"
        },
        {
          "service": "google.ads.googleads.v8.services.OperatingSystemVersionConstantService"
        },
        {
          "service": "google.ads.googleads.v8.services.PaidOrganicSearchTermViewService"
        },
        {
          "service": "google.ads.googleads.v8.services.ParentalStatusViewService"
        },
        {
          "service": "google.ads.googleads.v8.services.PaymentsAccountService"
        },
        {
          "service": "google.ads.googleads.v8.services.ProductBiddingCategoryConstantService"
        },
        {
          "service": "google.ads.googleads.v8.services.ProductGroupViewService"
        },
        {
          "service": "google.ads.googleads.v8.services.ReachPlanService"
        },
        {
          "service": "google.ads.googleads.v8.services.RecommendationService"
        },
        {
          "service": "google.ads.googleads.v8.services.RemarketingActionService"
        },
        {
          "service": "google.ads.googleads.v8.services.SearchTermViewService"
        },
        {
          "service": "google.ads.googleads.v8.services.SharedCriterionService"
        },
        {
          "service": "google.ads.googleads.v8.services.SharedSetService"
        },
        {
          "service": "google.ads.googleads.v8.services.ShoppingPerformanceViewService"
        },
        {
          "service": "google.ads.googleads.v8.services.SmartCampaignSearchTermViewService"
        },
        {
          "service": "google.ads.googleads.v8.services.SmartCampaignSettingService"
        },
        {
          "service": "google.ads.googleads.v8.services.SmartCampaignSuggestService"
        },
        {
          "service": "google.ads.googleads.v8.services.ThirdPartyAppAnalyticsLinkService"
        },
        {
          "service": "google.ads.googleads.v8.services.TopicConstantService"
        },
        {
          "service": "google.ads.googleads.v8.services.TopicViewService"
        },
        {
          "service": "google.ads.googleads.v8.services.UserDataService"
        },
        {
          "service": "google.ads.googleads.v8.services.UserInterestService"
        },
        {
          "service": "google.ads.googleads.v8.services.UserListService"
        },
        {
          "service": "google.ads.googleads.v8.services.UserLocationViewService"
        },
        {
          "service": "google.ads.googleads.v8.services.VideoService"
        },
        {
          "service": "google.ads.googleads.v8.services.WebpageViewService"
        }
      ],
      "timeout": "3600s",
      "retryPolicy": {
        "initialBackoff": "5s",
        "maxBackoff": "60s",
        "backoffMultiplier": 1.3,
        "retryableStatusCodes": [
          "UNAVAILABLE",
          "DEADLINE_EXCEEDED"
        ]
      }
    }
  ]
}
